,MSE,R2
Linear Regression,338.90151193824937,0.2549279771977564
Ridge Regression,338.8671491681517,0.2550035234485811
Lasso Regression,366.10021920185494,0.19513185612824313
Decision Tree Regressor,540.0156257993937,-0.1872196508007471
Random Forest,285.4944095544127,0.3723430267133283
Gradient Boosting,295.32335113106825,0.3507341842486237
XGBoost,343.8303124813586,0.2440920521243024
Random Forest (Optimized),283.3624423188791,0.3770301381152289
